	North America	Bermuda	Canada	Greenland	Mexico	Saint Pierre and Miquelon	United States	Central & South America	Antarctica	Antigua and Barbuda	Argentina	Aruba	Bahamas, The	Barbados	Belize	Bolivia	Brazil	Cayman Islands	Chile	Colombia	Costa Rica	Cuba	Dominica	Dominican Republic	Ecuador	El Salvador	Falkland Islands (Islas Malvinas)	French Guiana	Grenada	Guadeloupe	Guatemala	Guyana	Haiti	Honduras	Jamaica	Martinique	Montserrat	Netherlands Antilles	Nicaragua	Panama	Paraguay	Peru	Puerto Rico	Saint Kitts and Nevis	Saint Lucia	Saint Vincent/Grenadines	Suriname	Trinidad and Tobago	Turks and Caicos Islands	Uruguay	Venezuela	Virgin Islands,  U.S.	Virgin Islands, British	Europe	Albania	Austria	Belgium	Bosnia and Herzegovina	Bulgaria	Croatia	Cyprus	Czech Republic	Denmark	Faroe Islands	Finland	Former Czechoslovakia	Former Serbia and Montenegro	Former Yugoslavia	France	Germany	Germany, East	Germany, West	Gibraltar	Greece	Hungary	Iceland	Ireland	Italy	Luxembourg	Macedonia	Malta	Montenegro	Netherlands	Norway	Poland	Portugal	Romania	Serbia	Slovakia	Slovenia	Spain	Sweden	Switzerland	Turkey	United Kingdom	Eurasia	Armenia	Azerbaijan	Belarus	Estonia	Former U.S.S.R.	Georgia	Kazakhstan	Kyrgyzstan	Latvia	Lithuania	Moldova	Russia	Tajikistan	Turkmenistan	Ukraine	Uzbekistan	Middle East	Bahrain	Iran	Iraq	Israel	Jordan	Kuwait	Lebanon	Oman	Palestine	Qatar	Saudi Arabia	Syria	United Arab Emirates	Yemen	Africa	Algeria	Angola	Benin	Botswana	Burkina Faso	Burundi	Cameroon	Cape Verde	Central African Republic	Chad	Comoros	Congo (Brazzaville)	Congo (Kinshasa)	Cote dIvoire (IvoryCoast)	Djibouti	Egypt	Equatorial Guinea	Eritrea	Ethiopia	Gabon	Gambia, The	Ghana	Guinea	Guinea-Bissau	Kenya	Lesotho	Liberia	Libya	Madagascar	Malawi	Mali	Mauritania	Mauritius	Morocco	Mozambique	Namibia	Niger	Nigeria	Reunion	Rwanda	Saint Helena	Sao Tome and Principe	Senegal	Seychelles	Sierra Leone	Somalia	South Africa	Sudan and South Sudan	Swaziland	Tanzania	Togo	Tunisia	Uganda	Western Sahara	Zambia	Zimbabwe	Asia & Oceania	Afghanistan	American Samoa	Australia	Bangladesh	Bhutan	Brunei	Burma (Myanmar)	Cambodia	China	Cook Islands	Fiji	French Polynesia	Guam	Hawaiian Trade Zone	Hong Kong	India	Indonesia	Japan	Kiribati	Korea, North	Korea, South	Laos	Macau	Malaysia	Maldives	Mongolia	Nauru	Nepal	New Caledonia	New Zealand	Niue	Pakistan	Papua New Guinea	Philippines	Samoa	Singapore	Solomon Islands	Sri Lanka	Taiwan	Thailand	Timor-Leste (East Timor)	Tonga	U.S. Pacific Islands	Vanuatu	Vietnam	Wake Island	World
1980	83.17578	0	10.27567	0	5.72474	0	67.17537	12.0647	0	0	1.59757	0	0	0.00037	0.00042	0.14792	1.90238	0	0.28095	0.66083	0.02179	0.02426	0.00009	0.00671	0.46306	0.01603	0	0	0	0	0.01677	0.00005	0.00238	0.00802	0.00179	0	0	0	0.00561	0.01034	0.00745	0.53914	0.00212	0	0	0.00018	0.00917	0.55003	0	0.02336	5.76591	0	0	40.17144	0.15556	0.47051	0.28175	0	0.33975	0	0	0	0.01278	0.00051	0.17443	1.66636	0	1.04746	2.33296	0	2.423	4.77949	0	0.17449	0.59967	0.03223	0.04282	1.08469	0.00119	0	0	0	3.15555	2.92913	4.78572	0.08783	2.2898	0	0	0	0.86618	0.87311	0.47541	0.42914	8.65992	56.46276	--	--	--	--	56.46276	--	--	--	--	--	--	--	--	--	--	--	42.2645	0.22023	3.94373	5.44998	0.08111	0	3.98985	0.00874	0.63842	--	1.1995	22.43421	0.41093	3.88781	0	17.39619	2.80332	0.33508	0	0.009	0	0.00002	0.14028	0	0.00069	0	0.00002	0.13906	0.09029	0.01613	0	1.45253	0.00002	--	0.00491	0.38239	0	0.05913	0.00154	0	0.01228	0	0.00344	4.02923	0.00152	0.00403	0.00086	0.00026	0.00085	0.0427	0.14486	--	0.00056	4.49512	0.00314	0.00115	0	0.00007	0	0	0	0	2.71516	0.00514	0.00585	0.01028	0.00039	0.24451	0.00658	0	0.10831	0.1255	35.80181	0.07309	0	3.24549	0.05354	0.00006	0.94578	0.08633	0.00051	18.12198	0	0	0	0	0	0	3.10139	4.22713	2.35261	0	1.21016	0.38113	0.00956	0	0.66094	0	0.05377	0	0.0019	0.00287	0.33037	0	0.42704	0.00324	0.09641	0.00007	0	0	0.01521	0.23774	0.02982	--	0	0	0	0.13366	0	287.33718
1981	83.79792	0	10.09397	0	6.75331	0	66.95064	12.25716	0	0	1.6708	0	0	0.00037	0.00042	0.13575	1.99755	0	0.29549	0.67285	0.02363	0.03061	0.0001	0.00923	0.47481	0.01611	0	0	0	0	0.01497	0.00005	0.00245	0.00858	0.00179	0	0	0	0.00547	0.0153	0.00788	0.55663	0.0013	0	0	0.00018	0.00862	0.61244	0	0.02634	5.66743	0	0	40.91303	0.15826	0.46393	0.39753	0	0.36186	0	0	0	0.0314	0.00051	0.2847	1.64526	0	1.14904	2.66161	0	2.50096	4.919	0	0.21675	0.59552	0.03363	0.0604	1.11703	0.00134	0	0	0	2.93671	3.02015	4.08336	0.05765	2.35684	0	0	0	0.91924	0.98832	0.51526	0.46927	8.96749	56.85634	--	--	--	--	56.85634	--	--	--	--	--	--	--	--	--	--	--	36.47954	0.23687	3.2865	2.16341	0.08307	0	2.62777	0.00879	0.72125	--	1.05173	22.43699	0.4091	3.45406	0	15.19068	3.03742	0.29133	0	0.00922	0	0.00002	0.20759	0	0.00068	0	0.00002	0.1768	0.08974	0.03311	0	1.48126	0.00002	--	0.00525	0.331	0	0.06014	0.00155	0	0.01613	0	0.00328	2.57372	0.00159	0.00396	0.00086	0.00031	0.00062	0.03956	0.04353	--	0.00083	3.18214	0.00387	0.00108	0	0.00007	0	0	0	0	3.06821	0.00772	0.00558	0.01071	0.0004	0.26206	0.00536	0	0.11426	0.11969	36.92105	0.09328	0	3.71959	0.06163	0.00007	0.8059	0.08161	0.00055	17.9451	0	0	0	0	0	0	3.72959	4.3349	2.3552	0	1.25139	0.40548	0.01139	0	0.63012	0	0.04801	0	0.00225	0.0028	0.34695	0	0.4611	0.00321	0.07788	0.00007	0	0	0.01626	0.29162	0.09129	--	0	0	0	0.1538	0	282.41573
1982	84.47328	0	10.09746	0	7.8072	0	66.56862	12.0939	0	0	1.7293	0	0	0.00251	0.00042	0.15157	2.21678	0	0.2704	0.74996	0.02469	0.03616	0.00009	0.00869	0.476	0.01737	0	0	0	0	0.01867	0.00005	0.0027	0.00884	0.00195	0	0	0	0.00476	0.0128	0.00706	0.56237	0.00109	0	0	0.00019	0.01099	0.50248	0	0.02531	5.25069	0	0	42.37425	0.20594	0.46539	0.42596	0	0.39343	0	0	0	0.07281	0.00051	0.2995	1.67563	0	1.1843	2.62741	0	2.55479	4.93276	0	0.25165	0.625	0.03737	0.08291	1.16611	0.00122	0	0	0	2.53892	3.01558	4.65675	0.0777	2.47625	0	0	0	1.02635	0.95362	0.52227	0.51297	9.5911	58.73827	--	--	--	--	58.73827	--	--	--	--	--	--	--	--	--	--	--	29.69913	0.24305	5.1356	2.18917	0.00528	0	1.94451	0.00672	0.74034	--	0.93208	15.10441	0.39891	2.99906	0	15.47624	3.22547	0.27626	0	0.01004	0	0.00002	0.25784	0	0.00071	0	0.00002	0.19021	0.09525	0.03748	0	1.69107	0.00002	--	0.006	0.34239	0	0.05596	0.00155	0	0.01691	0	0.00343	2.61321	0.00236	0.00423	0.0011	0.0004	0.00097	0.03564	0.03634	--	0.00125	2.85824	0.00441	0.00139	0	0.00008	0	0	0	0	3.17324	0.00799	0.00521	0.0108	0.0006	0.27131	0.0058	0	0.11926	0.11179	37.9759	0.09593	0	3.73669	0.06809	0.00009	0.76411	0.09327	0.00057	18.92106	0	0	0	0	0	0	3.97552	3.71025	2.48792	0	1.31266	0.4109	0.0119	0	0.70799	0	0.06005	0	0.00223	0.00427	0.37548	0	0.513	0.00315	0.10444	0.00013	0	0	0.01663	0.30515	0.1316	--	0	0	0	0.16282	0	280.83096
1983	82.14801	0	10.3579	0	7.67598	0	64.11413	12.33269	0	0	1.78501	0	0	0.00256	0.00042	0.1507	2.53638	0	0.26663	0.78786	0.02951	0.04105	0.00016	0.00908	0.54282	0.01555	0	0	0	0	0.02417	0.00005	0.00282	0.00874	0.00215	0	0	0	0.00367	0.0105	0.00832	0.50417	0.00116	0	0	0.00019	0.00751	0.48461	0	0.07485	5.03204	0	0	44.34965	0.23428	0.45463	0.47825	0	0.4149	0	0	0	0.09551	0.00052	0.31471	1.72966	0	1.22998	2.96622	0	2.60895	4.81234	0	0.26604	0.63092	0.03966	0.08823	1.11838	0.00121	0	0	0	2.72447	3.43669	4.72645	0.09014	2.57569	0	0	0	1.13214	1.07081	0.52057	0.49122	10.09708	60.25127	--	--	--	--	60.25127	--	--	--	--	--	--	--	--	--	--	--	27.56358	0.25079	5.67815	2.16796	0.00424	0	2.51342	0.00583	0.86006	--	0.8389	11.92263	0.41301	2.90859	0	16.11666	3.60602	0.39581	0.00896	0.00958	0	0.00024	0.26857	0	0.00067	0	0.00002	0.18668	0.10326	0.06075	0	1.84143	0.00002	--	0.00655	0.34865	0	0.03114	0.00161	0	0.01957	0	0.00337	2.52341	0.00258	0.00466	0.00128	0.00041	0.00037	0.03537	0.05427	--	0.00361	2.76943	0.0045	0.00159	0	0.00006	0	0	0	0	3.28133	0.00804	0.00332	0.0113	0.0002	0.26812	0.0054	0	0.11617	0.12834	40.79998	0.10015	0	4.13781	0.07198	0.00009	0.78974	0.09711	0.00042	20.2361	0	0.00052	0.00017	0	0	0	4.33795	3.84971	2.63441	0	1.32527	0.46793	0.01073	0	0.93106	0	0.06073	0	0.00338	0.00292	0.4061	0	0.52024	0.00401	0.1226	0.00013	0	0	0.01267	0.36043	0.15172	--	0	0	0	0.16389	0	283.56185
1984	88.08493	0	11.33985	0	7.9055	0	68.83957	13.29067	0	0	1.85245	0	0	0.00472	0.00042	0.15659	3.04125	0	0.27733	0.93196	0.0311	0.04798	0.00017	0.00667	0.60657	0.01787	0	0	0	0	0.01774	0.00005	0.0029	0.00903	0.0014	0	0	0	0.00556	0.01691	0.00943	0.53734	0.00141	0	0	0.00023	0.00883	0.57552	0	0.07342	5.05581	0	0	44.75822	0.19082	0.43889	0.52898	0	0.42863	0	0	0	0.10792	0.00051	0.32141	1.77445	0	1.35369	3.3718	0	2.77718	5.02623	0	0.28754	0.65526	0.04094	0.09175	1.16586	0.00128	0	0	0	2.76318	3.67444	4.80354	0.10718	2.51444	0	0	0	1.28212	1.20975	0.49033	0.54243	8.8077	63.32875	--	--	--	--	63.32875	--	--	--	--	--	--	--	--	--	--	--	27.68171	0.24159	5.30488	2.61053	0.00425	0	2.76084	0.00604	0.94353	--	1.09073	11.28964	0.42618	3.0035	0	17.55056	3.85789	0.46249	0.01573	0.00953	0	0.00041	0.31588	0	0.00072	0	0.00002	0.25929	0.12055	0.06215	0	2.07993	0.00002	--	0.00713	0.3502	0	0.0231	0.00162	0	0.01931	0	0.00233	2.52606	0.00263	0.00484	0.00139	0.00038	0.00068	0.03578	0.00684	--	0.00417	3.1177	0.00422	0.00168	0	0.00008	0	0	0	0	3.71563	0.00783	0.00457	0.0115	0.0004	0.27474	0.00639	0	0.11541	0.11936	44.88738	0.10049	0	4.54319	0.09963	0.00009	0.73602	0.10659	0.00031	22.12683	0	0.00298	0.00025	0	0	0	4.95498	4.29466	2.75303	0	1.35957	0.5198	0.00982	0	1.30802	0	0.06117	0	0.00357	0.00414	0.43893	0	0.54458	0.00424	0.15172	0.00017	0	0	0.0216	0.4084	0.19852	--	0	0	0	0.13408	0	299.58222
1985	87.56627	0	12.01997	0	7.84801	0	67.6983	13.6129	0	0	1.83444	0	0	0.0047	0.00042	0.15109	3.37817	0	0.28542	1.0209	0.02872	0.05409	0.00015	0.01122	0.66153	0.01666	0	0	0	0	0.01413	0.00005	0.00321	0.00905	0.0013	0	0	0	0.00586	0.02096	0.04247	0.55963	0.00191	0	0	0.00027	0.01236	0.61061	0	0.06669	4.8169	0	0	47.57808	0.19173	0.45569	0.59126	0	0.40701	0	0	0	0.16822	0.00051	0.31393	1.80665	0	1.42134	3.5489	0	2.92252	5.3512	0	0.30472	0.68746	0.0402	0.09784	1.16672	0.00109	0	0	0	2.92124	3.77109	4.86512	0.11913	2.41449	0	0	0	1.3315	1.30937	0.5489	0.61885	10.20138	65.26372	--	--	--	--	65.26372	--	--	--	--	--	--	--	--	--	--	--	25.77899	0.27123	5.5867	3.09038	0.00424	0	2.44003	0.00605	1.13109	--	0.87617	8.64186	0.43947	3.29178	0	18.39081	3.9071	0.51127	0.01793	0.0106	0	0.00048	0.42564	0	0.00063	0	0.00002	0.25826	0.12598	0.07434	0	2.23297	0.00002	--	0.0078	0.37864	0	0.03345	0.00168	0	0.02237	0	0.00271	2.46198	0.00266	0.00491	0.00139	0.00032	0.00119	0.0358	0.0025	--	0.00419	3.3565	0.00505	0.00169	0	0.00008	0	0	0	0	3.97925	0.00955	0.00622	0.01175	0.00079	0.25465	0.00656	0	0.1161	0.11579	48.61562	0.12165	0	4.99634	0.10319	0.00009	0.71032	0.10714	0.00037	24.30279	0	0.00304	0.00033	0	0	0	5.26619	4.19652	3.0949	0	1.42365	0.60003	0.00898	0	1.42628	0	0.0727	0	0.00353	0.005	0.46312	0	0.5919	0.00435	0.15421	0.00018	0	0	0.02476	0.4564	0.32974	--	0	0.00017	0	0.14774	0	306.80639
1986	86.11253	0	11.92503	0	7.12104	0	67.06646	14.44547	0	0	1.84348	0	0	0.0047	0.00042	0.14833	3.40767	0	0.2684	1.38934	0.02994	0.05749	0.00014	0.00982	0.69176	0.01684	0	0	0	0.00031	0.02921	0.00005	0.00349	0.01329	0.0017	0	0	0	0.00486	0.02276	0.12439	0.54358	0.00233	0	0	0.00029	0.01251	0.52843	0	0.07539	5.21455	0	0	48.5403	0.1966	0.45495	0.60838	0	0.42949	0	0	0	0.23852	0.00051	0.31468	1.87446	0	1.46354	3.80346	0	2.88311	5.16001	0	0.32362	0.67844	0.04239	0.07078	1.25363	0.00121	0	0	0	2.7408	3.91	4.9189	0.09723	2.48679	0	0	0	1.36727	1.31774	0.55892	0.70011	10.64475	67.73998	--	--	--	--	67.73998	--	--	--	--	--	--	--	--	--	--	--	30.7652	0.2954	5.06388	3.65927	0.00361	0.00221	3.36252	0.00579	1.2796	--	0.88195	12.03622	0.47585	3.67804	0.02085	18.44891	3.96829	0.62143	0.01793	0.01211	0	0.00064	0.40828	0	0.00079	0	0.00002	0.25424	0.12617	0.05539	0	2.09272	0.00002	--	0.00858	0.36474	0	0.0465	0.0017	0	0.02334	0	0.00329	2.43448	0.00278	0.00529	0.00165	0.00019	0.00114	0.03639	0.00147	--	0.00344	3.31135	0.00519	0.00156	0	0.00007	0	0	0	0	4.09735	0.00955	0.00601	0.01127	0.00079	0.24907	0.00669	0	0.11552	0.14148	50.70651	0.12127	0	5.20336	0.11246	0.00315	0.73572	0.10508	0.00042	25.04091	0	0.00365	0.00037	0	0	0	5.67757	4.39746	3.1025	0	1.41666	0.74339	0.0086	0	1.65591	0	0.07848	0	0.00456	0.00416	0.5355	0	0.6478	0.00472	0.15275	0.00021	0	0	0.02734	0.42368	0.33594	--	0	0.00031	0	0.16259	0	316.75889
1987	87.49605	0	12.56707	0	7.38652	0	67.54247	14.33872	0	0	1.83397	0	0	0.00322	0.00042	0.14822	3.44631	0	0.27513	1.55572	0.03099	0.05792	0.00015	0.01031	0.43247	0.01628	0	0	0	0.00031	0.02689	0.00005	0.00346	0.01178	0.00194	0	0	0	0.00623	0.02195	0.19274	0.51177	0.00268	0	0	0.00032	0.00798	0.4952	0	0.07487	5.16944	0	0	49.09558	0.20228	0.39712	0.58124	0	0.44638	0	0	0	0.30512	0.00051	0.33441	1.91643	0	1.44013	3.95824	0	2.85581	5.1942	0	0.35638	0.70189	0.04326	0.0678	1.19188	0.00149	0	0	0	2.73001	4.33576	4.97737	0.10414	2.48799	0	0	0	1.35649	1.40352	0.58063	0.77913	10.34599	69.72014	--	--	--	--	69.72014	--	--	--	--	--	--	--	--	--	--	--	32.21523	0.33089	5.66893	4.5772	0.00292	0.00129	3.76674	0.00629	1.34033	--	0.85843	10.84182	0.56909	4.20936	0.04193	18.61817	4.21747	0.78933	0.01569	0.01405	0	0.00098	0.40175	0	0.00076	0	0.00002	0.26445	0.12593	0.05143	0	2.29913	0.00002	--	0.00923	0.34436	0	0.04821	0.00172	0	0.02418	0	0.00329	2.29436	0.00298	0.00581	0.00167	0.00026	0.00145	0.03267	0.00141	--	0.00456	3.05266	0.00546	0.00171	0	0.00008	0	0	0	0	4.06884	0.00954	0.00616	0.01219	0.00079	0.24208	0.00638	0	0.09898	0.15611	52.50336	0.11579	0	5.71826	0.13037	0.0122	0.68908	0.09135	0.00047	25.93877	0	0.00381	0.00036	0	--	0	5.64275	4.39443	3.34973	0	1.39641	0.86058	0.00556	0	1.67885	0	0.08746	0	0.00566	0.00265	0.51985	0	0.68987	0.00451	0.13897	0.00019	0	0	0.02244	0.47765	0.34759	--	0	0.00031	0	0.17745	0	323.98726
1988	89.71786	0	13.41195	0	7.38719	0	68.91872	15.22683	0	0	1.90555	0	0	0.00374	0.00041	0.15788	3.53616	0	0.27485	1.61884	0.03118	0.05216	0.00017	0.00898	0.71737	0.01784	0	0	0	0.00031	0.02621	0.00005	0.00343	0.01795	0.0019	0	0	0	0.0061	0.0238	0.20544	0.4549	0.00281	0	0	0.00036	0.01195	0.50726	0	0.05538	5.58386	0	0	49.25976	0.18613	0.49775	0.51676	0	0.45712	0	0	0	0.31139	0.00064	0.32778	1.90232	0	1.45955	4.04951	0	2.87731	5.24192	0	0.36877	0.69452	0.04557	0.08177	1.26337	0.00146	0	0	0	2.4225	4.68478	4.97228	0.13441	2.47888	0	0	0	1.48623	1.39002	0.59973	0.80585	10.00148	72.26761	--	--	--	--	72.26761	--	--	--	--	--	--	--	--	--	--	--	36.10119	0.29706	5.70867	5.97032	0.00234	0.00137	3.62745	0.00613	1.41194	--	0.98986	12.85643	0.64495	4.22196	0.3627	19.71429	4.29745	0.98944	0.01124	0.01486	0	0.00106	0.38056	0	0.00076	0	0.00002	0.30758	0.12215	0.03858	0	2.23788	0.00002	--	0.00987	0.35325	0	0.04967	0.00173	0	0.02874	0	0.00331	2.73466	0.0031	0.00581	0.00171	0.00026	0.00102	0.03379	0.00172	--	0.00431	3.30309	0.00432	0.00172	0	0.00008	0	0	0	0	4.23474	0.00948	0.00626	0.01281	0.00078	0.23764	0.006	0	0.09911	0.1637	54.56121	0.12196	0	5.275	0.14972	0.01582	0.68177	0.07892	0.00052	27.14594	0	0.00358	0.0006	0	--	0	6.16515	4.56944	3.34297	0	1.72229	0.84809	0.00505	0	1.80991	0	0.09654	0	0.00575	0.00544	0.56091	0	0.74189	0.00454	0.15442	0.00019	0	0	0.02653	0.41419	0.42001	--	0	0.00031	0	0.19376	0	336.84875
1989	90.0587	0	13.32737	0	7.41127	0	69.32006	15.82599	0	0	1.98481	0	0	0.0034	0.00042	0.16899	3.7218	0	0.27416	1.78465	0.03429	0.05269	0.00017	0.0065	0.66711	0.01948	0	0	0	0.00031	0.03117	0.00005	0.00346	0.01904	0.00223	0	0	0	0.00979	0.02322	0.25276	0.4267	0.00284	0	0	0.00038	0.02057	0.50858	0	0.04028	5.76615	0	0	48.30888	0.19463	0.4985	0.49986	0	0.4551	0	0	0	0.36698	0.00074	0.32125	1.84288	0	1.44267	4.03841	0	2.78734	5.12603	0	0.37665	0.66335	0.04667	0.08956	1.18802	0.00113	0	0	0	2.60429	5.58781	4.60421	0.07043	2.28382	0	0	0	1.43904	1.39142	0.54193	0.81742	9.02875	71.89522	--	--	--	--	71.89522	--	--	--	--	--	--	--	--	--	--	--	39.70422	0.29963	7.01523	6.47154	0.00217	0.00361	4.31565	0.00516	1.49303	--	1.05965	12.80877	0.82995	4.9942	0.40564	20.58725	4.50276	0.99075	0.00897	0.01608	0	0.00106	0.39624	0	0.00077	0	0.00002	0.35009	0.12386	0.01735	0	2.31967	0.00002	--	0.01037	0.45758	0	0.05402	0.00177	0	0.0306	0	0.00324	2.70148	0.00328	0.0059	0.00175	0.00026	0.00153	0.03152	0.00165	--	0.00475	3.9016	0.00513	0.00178	0	0.00008	0	0	0	0	4.1214	0.00966	0.00652	0.01501	0.00099	0.24149	0.00707	0	0.08051	0.15864	57.12476	0.12031	0	5.57147	0.16539	0.01599	0.67202	0.08776	0.00056	28.77554	0	0.00362	0.00067	0	--	0	6.46779	4.98064	3.34943	0	1.37727	0.87078	0.00692	0	1.92322	0	0.09077	0	0.00559	0.00538	0.5774	0	0.77732	0.00469	0.15797	0.00021	0	0	0.02893	0.40858	0.44775	--	0	0.00031	0	0.23046	0	343.50501
1990	91.76527	0	13.40411	0	7.65652	0	70.70464	16.67633	0	0	2.01466	0	0	0.00371	0.00042	0.1703	3.75554	0	0.31213	1.93102	0.03483	0.05025	0.00017	0.00433	0.68234	0.01905	0	0	0	0.00031	0.03424	0.00005	0.00383	0.02149	0.0021	0	0	0	0.00831	0.02328	0.28298	0.4051	0.00142	0	0	0.00025	0.02118	0.51503	0	0.07217	6.30585	0	0	46.84553	0.12711	0.46244	0.47799	0	0.41266	0	0	0	0.38165	0.00077	0.30103	1.6751	0	1.3885	4.24594	0	2.48737	5.05376	0	0.37067	0.60703	0.04626	0.0906	1.18614	0.00106	0	0	0	2.63432	5.80414	3.86012	0.10503	1.87267	0	0	0	1.4249	1.41354	0.55363	0.85376	9.00733	72.11085	--	--	--	--	72.11085	--	--	--	--	--	--	--	--	--	--	--	40.99476	0.31258	7.67034	4.54242	0.00156	0.00571	2.83247	0.00309	1.58777	--	1.2004	15.92029	1.00242	5.51239	0.40331	21.62656	4.75332	1.03779	0.00897	0.01926	0.00009	0.00111	0.37669	0	0.00079	0	0.00002	0.35315	0.12221	0.01792	0	2.3613	0.00002	--	0.01132	0.59067	0	0.05892	0.0018	0	0.03143	0	0	3.18319	0.00352	0.00725	0.00188	0.00026	0.00087	0.03252	0.004	0	0.00478	4.06938	0.00566	0.00172	0	0.00008	0	0	0	0	4.04577	0.00986	0.00571	0.01606	0.00099	0.21584	0.00792	0	0.09015	0.17237	59.49429	0.1193	0	6.15594	0.16351	0.01607	0.7236	0.08339	0.00064	29.38537	0	0.00417	0.00072	0	--	0	6.82095	5.30188	3.51578	0	1.31551	0.86259	0.00852	0	2.03265	0	0.08052	0	0.00912	0.00474	0.58963	0	0.81844	0.00473	0.15424	0.00021	0	0	0.03239	0.49703	0.51678	--	0	0.00031	0	0.27555	0	349.5136
1991	92.29119	0	13.95738	0	7.97143	0	70.36238	17.56504	0	0	2.10394	0	0	0.0034	0.00042	0.16899	3.90962	0	0.30438	1.87428	0.03787	0.05069	0.00017	0.00602	0.71301	0.01299	0	0	0	0.00031	0.03574	0.00005	0.0036	0.02189	0.00171	0	0	0	0.00797	0.02175	0.30648	0.38451	0.00124	0	0	0.00014	0.02261	0.54701	0	0.06315	6.96108	0	0	46.3792	0.09511	0.46861	0.47279	0	0.3523	0	0	0	0.4604	0.00077	0.32686	1.55915	0	1.29072	4.44823	6.35488	0	0	0	0.39023	0.56839	0.04624	0.09257	1.2828	0.00124	0	0	0	2.9497	6.17531	3.72186	0.10522	1.62151	0	0	0	1.43449	1.40799	0.56811	0.87044	9.31326	66.43792	--	--	--	--	66.43792	--	--	--	--	--	--	--	--	--	--	--	40.27504	0.33331	8.26544	0.69195	0.0016	0.00554	0.42947	0.00517	1.64273	--	1.24548	19.74695	1.25601	6.24061	0.41078	22.48564	4.91623	1.09201	0.00897	0.01901	0.00014	0.00115	0.36038	0	0.00078	0	0.00002	0.33406	0.11652	0.01727	0	2.39558	0.00022	--	0.01145	0.64287	0	0.0634	0.00184	0	0.03362	0	0	3.43161	0.00346	0.00775	0.0019	0.00026	0.00077	0.03323	0.00447	0	0.00478	4.30004	0.00476	0.0017	0	0.00008	0	0	0	0	4.11971	0.01073	0.00528	0.01794	0.00201	0.23432	0.00801	0	0.08943	0.18788	61.26732	0.02092	0	6.43579	0.17329	0.01629	0.68119	0.08559	0.00067	29.62193	0	0.00418	0.00077	0	--	0	7.16243	5.89726	3.69366	0	1.27369	0.84462	0.00917	0	2.19211	0	0.09697	0	0.00945	0.00355	0.61115	0	0.88798	0.00516	0.14487	0.00021	0	0	0.0322	0.42746	0.57088	--	0	0.00031	0	0.36356	0	346.70135
1992	92.38757	0	14.4607	0	7.97136	0	69.95551	17.84261	0	0	2.28032	0	0	0.00371	0.00041	0.17832	3.95893	0	0.32676	1.89924	0.03673	0.05732	0.00017	0.00573	0.76344	0.01408	0	0	0	0.00031	0.03324	0.00005	0.00329	0.02244	0.00202	0	0	0	0.00718	0.01977	0.28086	0.36975	0.0014	0	0	0.00021	0.02643	0.5143	0	0.0811	6.9551	0	0	46.36365	0.06442	0.49427	0.46306	0.16728	0.33124	0.20176	0	0	0.51276	0.00086	0.39138	1.48033	0.53634	0	4.61243	6.17284	0	0	0	0.33151	0.55744	0.04639	0.09219	1.31912	0.00102	0.06949	0	0	2.92659	6.86337	3.65862	0.05937	1.50613	0	0	0.13456	1.34014	1.3916	0.57902	0.94816	9.10996	61.44276	0.03116	0.77937	0.09672	0.17355	--	0.07624	3.64083	0.13306	0.02583	0.15108	0.00746	47.98942	0.17322	2.34412	4.03475	1.78593	43.52034	0.28675	8.52727	1.0183	0.00149	0.00582	2.44216	0.00564	1.72201	--	1.39076	20.39209	1.23646	6.11006	0.38153	22.83203	5.03106	1.15235	0.01258	0.02186	0.00021	0.00108	0.33271	0	0.0008	0	0.00002	0.37245	0.12015	0.01397	0	2.38828	0.00312	--	0.01166	0.65246	0	0.06996	0.00184	0	0.0334	0	0	3.34229	0.00354	0.00794	0.00215	0.00027	0.00116	0.03035	0.00441	0	0.00472	4.42704	0.00507	0.00176	0	0.00008	0	0	0	0	4.21439	0.01171	0.00468	0.01701	0.00132	0.25259	0.01006	0	0.09053	0.17902	62.56403	0.01704	0	6.62517	0.20443	0.01767	0.70466	0.08568	0.00069	30.32492	0	0.0042	0.00093	0	--	0	7.3329	6.08178	3.61372	0	1.10018	0.78723	0.0089	0	2.26333	0	0.08113	0	0.00861	0.00354	0.59607	0	0.93657	0.11569	0.15397	0.00026	0	0	0.02969	0.43896	0.59183	--	0	0.00031	0	0.43399	0	346.95299
1993	91.76361	0	15.37673	0	8.07156	0	68.31532	18.7568	0	0	2.47743	0	0	0.00383	0.00041	0.17345	4.08882	0	0.32973	1.99048	0.04041	0.05948	0.00016	0.01187	0.82095	0.01569	0	0	0	0.00032	0.03923	0.00005	0.00279	0.0231	0.00215	0	0	0.00001	0.00885	0.02366	0.32089	0.42517	0.00124	0	0	0.00024	0.02648	0.53454	0	0.07448	7.26089	0	0	46.9079	0.06284	0.511	0.44283	0.13819	0.34806	0.21109	0	1.20048	0.55548	0.00076	0.39051	0	0.51561	0	4.83763	5.84538	0	0	0	0.35176	0.52715	0.04808	0.10318	1.34914	0.00107	0.06584	0	0	2.97646	7.12082	3.67112	0.09883	1.45785	0	0.23193	0.12521	1.33368	1.37289	0.60831	0.98959	9.41511	57.62755	0.0438	0.71728	0.09666	0.10059	--	0.07446	3.26044	0.12112	0.02934	0.13805	0.00715	44.68627	0.17934	2.58223	3.69069	1.90014	45.72032	0.351	8.83295	1.21122	0.00174	0.0077	4.28436	0.00735	1.81675	--	1.44609	20.108	1.40996	5.78346	0.45974	22.63848	4.88426	1.11255	0.01295	0.02158	0.00048	0.00111	0.30251	0.00002	0.00079	0	0.00002	0.3856	0.11249	0.01228	0	2.48069	0.009	--	0.0129	0.68255	0	0.06767	0.00186	0	0.03536	0	0	3.16907	0.00355	0.00795	0.00225	0.00027	0.00106	0.02611	0.00459	0	0.00478	4.4509	0.00508	0.00158	0	0.00008	0.00063	0	0	0	4.3043	0.01169	0.00337	0.01851	0.00237	0.2251	0.00988	0	0.08831	0.16037	65.2679	0.01709	0	6.65082	0.22201	0.01747	0.71122	0.08998	0.00071	31.97204	0	0.00419	0.00097	0	--	0	7.48501	6.31475	3.98007	0	1.01042	0.76896	0.00896	0	2.33823	0	0.07063	0	0.00897	0.00353	0.61264	0	0.94407	0.26526	0.16345	0.00026	0	0	0.03874	0.4137	0.65407	--	0	0.00031	0	0.49939	0	348.68256
1994	95.2109	0	16.33795	0	8.14731	0	70.72565	19.75129	0	0	2.68678	0	0	0.00345	0.00041	0.17634	4.26153	0	0.32611	2.01114	0.04366	0.07015	0.00018	0.00589	0.87375	0.01617	0	0	0	0.00032	0.0435	0.00005	0.00238	0.01857	0.00241	0	0	0.00007	0.00731	0.02469	0.37187	0.43888	0.0007	0	0	0.00022	0.02893	0.56086	0	0.07625	7.69874	0	0	48.06376	0.06766	0.48984	0.42525	0.0476	0.35646	0.21515	0	1.11528	0.59409	0.00078	0.37351	0	0.49311	0	4.86327	5.70831	0	0	0	0.3471	0.52937	0.04866	0.10643	1.42248	0.00161	0.06719	0	0	2.91207	7.77414	3.72322	0.12052	1.42327	0	0.2422	0.12975	1.32639	1.32796	0.65335	0.94917	10.20857	53.07688	0.03589	0.6616	0.09632	0.10139	--	0.07644	2.60841	0.13597	0.03375	0.08892	0.0049	42.30232	0.17471	1.49372	3.22211	2.04044	47.28432	0.34785	9.16213	1.32841	0.00163	0.01056	4.72709	0.00835	1.90235	--	1.44338	20.39034	1.4264	5.83578	0.70005	22.8187	4.7356	1.16856	0.01329	0.02183	0.00074	0.00118	0.26182	0.00005	0.00081	0	0.00002	0.38304	0.11234	0.02667	0	2.52162	0.00999	0	0.01382	0.71742	0	0.06527	0.00188	0	0.03604	0	0	3.20515	0.00358	0.00837	0.00227	0.00029	0.00077	0.03167	0.00481	0	0.00478	4.36981	0.00509	0.00161	0	0.00008	0.00127	0	0	0	4.59804	0.01165	0.00562	0.01648	0.00153	0.21118	0.01029	0	0.08365	0.14874	68.64056	0.01717	0	6.91786	0.24416	0.01841	0.72212	0.10111	0.00073	34.13204	0	0.00439	0.00099	0	--	0	8.00096	6.6475	3.85735	0	0.96089	0.71593	0.00882	0	2.41047	0	0.06381	0	0.00968	0.00388	0.63147	0	1.0149	0.23172	0.16808	0.00026	0	0	0.04176	0.4316	0.72879	--	0	0.00031	0	0.55341	0	354.84642
1995	96.08973	0	16.83012	0	8.08564	0	71.17397	21.0803	0	0	2.91088	0	0	0.00375	0.00082	0.19741	4.46374	0	0.34802	2.37751	0.04103	0.07292	0.0002	0.00657	0.91937	0.0193	0	0	0	0.00032	0.04304	0.00005	0.00258	0.01708	0.00219	0	0	0.00007	0.00704	0.02483	0.43003	0.44168	0.0009	0	0	0.00022	0.02934	0.58099	0	0.05977	8.07865	0	0	49.0016	0.06778	0.51753	0.43267	0.08254	0.39967	0.20963	0	1.06038	0.6139	0.00078	0.38316	0	0.44361	0	4.94074	5.65962	0	0	0	0.35751	0.52197	0.05064	0.10681	1.36001	0.00141	0.07159	0	0	2.90903	8.34725	3.58814	0.09544	1.44876	0	0.23676	0.13854	1.18693	1.38982	0.61237	0.98513	10.78149	51.90515	0.01959	0.64496	0.09377	0.09128	--	0.05586	2.32566	0.12541	0.02999	0.12408	0.0039	41.41724	0.15243	1.36122	3.3142	2.14555	48.33481	0.34311	9.34723	1.35231	0.00121	0.01098	4.81243	0.00732	1.99453	--	1.50724	20.65907	1.43832	6.14019	0.72086	23.99836	5.0482	1.40407	0.00673	0.02496	0.00097	0.00121	0.2691	0.00006	0.00082	0	0.00002	0.40021	0.12988	0.03691	0	2.59908	0.00999	0	0.01458	0.79621	0	0.07091	0.00197	0	0.03827	0	0	3.22788	0.00381	0.00858	0.0023	0.00029	0.00138	0.02918	0.00492	0.01155	0.00481	4.52545	0.00513	0.00163	0	0.00008	0.00159	0	0	0	4.84064	0.01029	0.00656	0.01694	0.00263	0.2004	0.01067	0	0.08391	0.1436	72.7316	0.01302	0	7.42927	0.26365	0.01957	0.75137	0.10022	0.00075	35.04591	0	0.00459	0.00129	0	--	0	9.48383	6.94835	4.24727	0	0.90919	0.77139	0.01077	0	2.59193	0	0.07003	0	0.01198	0.00433	0.63319	0	1.03809	0.21724	0.15557	0.00027	0	0	0.04544	0.43531	0.81101	--	0	0.00031	0	0.71647	0	363.14155
1996	98.49089	0	17.22309	0	8.78191	0	72.48589	22.45395	0	0	3.02697	0	0	0.00322	0.00103	0.20105	4.82869	0	0.33634	2.61501	0.0443	0.08504	0.0002	0.00922	0.94378	0.02361	0	0	0	0.00032	0.05463	0.00005	0.00278	0.02088	0.0023	0	0	0.00007	0.00704	0.03092	0.46383	0.4272	0.0014	0	0	0.00022	0.03059	0.61575	0	0.05904	8.61848	0	0	51.64766	0.0827	0.48442	0.44906	0.07641	0.43258	0.21586	0	1.11282	0.70775	0.00073	0.37075	0	0.59975	0	5.02718	5.49246	0	0	0	0.35223	0.51465	0.05224	0.10344	1.42876	0.00102	0.07121	0	0	3.2494	9.25904	3.82801	0.16123	1.43002	0	0.23512	0.13855	1.34681	1.2638	0.55109	1.04501	11.56356	50.54278	0.04071	0.65114	0.08944	0.13553	--	0.06428	2.40957	0.13669	0.01905	0.14492	0.00429	39.9453	0.15436	1.54939	3.0448	2.1533	49.4342	0.33392	9.64608	1.39037	0.00142	0.01029	4.94199	0.00817	2.06667	--	1.65525	20.81526	1.51129	6.34013	0.71336	24.60892	5.24834	1.54205	0.00451	0.02053	0.00118	0.00121	0.26449	0.00007	0.00084	0	0.00002	0.42988	0.12946	0.07312	0	2.64948	0.0342	0	0.01546	0.8054	0	0.08086	0.00202	0	0.04035	0	0	3.27629	0.00435	0.00875	0.00217	0.00029	0.00105	0.03819	0.00514	0.00874	0.00465	4.56371	0.0062	0.00145	0	0.00008	0.0019	0	0	0	4.85559	0.01471	0.00563	0.01936	0.00196	0.2158	0.01145	0	0.07719	0.14079	73.7991	0.01374	0	7.58205	0.27221	0.02087	0.72705	0.09542	0.0008	35.668	0	0.00461	0.00138	0	--	0	8.7464	7.42983	4.33557	0	0.81704	0.81907	0.01449	0	2.83647	0	0.04594	0	0.01229	0.00403	0.65413	0	1.05649	0.22658	0.16404	0.00031	0	0	0.03328	0.4566	0.98413	--	0	0.00031	0	0.77598	0	370.97751
1997	99.03713	0	17.47511	0	9.09007	0	72.47195	24.08148	0	0	3.28295	0	0	0.003	0.0011	0.20527	5.05451	0	0.33502	2.84251	0.05478	0.1125	0.0002	0.00719	0.92356	0.01929	0	0	0	0.00036	0.06412	0.00005	0.00202	0.02108	0.00238	0	0	0.00007	0.0062	0.02956	0.51415	0.39687	0.00104	0	0	0.00021	0.0247	0.62829	0	0.06558	9.4829	0	0	51.43666	0.07317	0.4917	0.48738	0.12359	0.41631	0.1879	0	0.89447	0.81519	0.00077	0.39767	0	0.58057	0	4.92244	5.56589	0	0	0	0.3847	0.52664	0.05629	0.09214	1.42344	0.00132	0.07484	0	0	2.88178	9.58627	3.83338	0.14344	1.40252	0	0.22586	0.13672	1.27816	1.39733	0.60557	1.09831	11.33091	48.91376	0.03082	0.61945	0.08557	0.11215	--	0.06919	2.47204	0.12263	0.02985	0.1269	0.00456	38.74061	0.14177	1.15967	3.02061	2.17794	51.72251	0.39892	9.83963	2.60395	0.00163	0.01101	4.84719	0.00911	2.13079	0	1.89992	21.2433	1.47877	6.50094	0.75733	26.05338	5.59212	1.54876	0.00298	0.01991	0.00117	0.00123	0.30049	0.00007	0.00085	0	0.00002	0.55731	0.11392	0.08159	0	2.51307	0.10458	0.00001	0.01583	0.80794	0	0.0801	0.00291	0	0.03864	0	0	3.386	0.0046	0.00884	0.00232	0.00031	0.00094	0.03555	0.01032	0.00617	0.00446	4.84978	0.00653	0.00163	0	0.00008	0.00127	0	0	0	5.43776	0.01993	0.00599	0.01537	0.00095	0.24518	0.01266	0	0.08416	0.12906	77.59484	0.01342	0	8.31179	0.27474	0.01997	0.7413	0.09425	0.00058	37.81456	0	0.0046	0.00136	0	--	0	9.16577	7.38621	4.57201	0	0.75206	0.84313	0.01628	0	3.00953	0	0.0421	0	0.01113	0.00368	0.693	0	1.06969	0.17497	0.15525	0.00034	0	0	0.03486	0.44326	1.13232	--	0	0.00031	0	0.81236	0	378.83976
1998	99.65136	0	17.43394	0	9.34119	0	72.87622	24.72296	0	0	3.37596	0	0	0.00451	0.00107	0.21099	5.4701	0	0.29489	3.05151	0.04964	0.10078	0.00028	0.00771	0.89684	0.0203	0	0	0	0.00041	0.07471	0.00006	0.00309	0.01942	0.00214	0	0	0.00007	0.00448	0.02183	0.51354	0.40234	0.00105	0	0	0.00022	0.02934	0.62522	0	0.09241	9.44805	0	0	50.39519	0.06576	0.512	0.47556	0.14306	0.41817	0.19221	0	0.84042	0.83772	0.00079	0.45798	0	0.59725	0	4.77534	5.26057	0	0	0	0.39515	0.47911	0.06309	0.07372	1.40728	0.0017	0.08315	0	0	2.7693	9.32859	3.3563	0.1424	1.2524	0	0.23145	0.13838	1.30314	1.49432	0.60437	1.16458	11.52992	49.13743	0.03217	0.73061	0.08657	0.10402	--	0.07146	2.4282	0.11087	0.03051	0.15326	0.00096	39.06441	0.14642	0.74996	3.04172	2.3863	54.87985	0.40301	9.89555	4.7062	0.00142	0.01058	5.01541	0.00792	2.19684	0	2.30829	21.41514	1.50249	6.60659	0.81039	26.26615	5.74876	1.59583	0.00226	0.02378	0.0008	0.00111	0.29309	0.00008	0.00083	0	0.00002	0.581	0.10656	0.08654	0	2.47665	0.1663	0.00001	0.01619	0.76839	0	0.0495	0.00313	0	0.03896	0	0	3.26037	0.0051	0.01015	0.00235	0.00029	0.00106	0.02892	0.01783	0.01001	0.00446	4.89851	0.00766	0.00163	0	0.00007	0.00127	0	0	0	5.52461	0.02909	0.00725	0.02213	0.00175	0.2474	0.0128	0	0.08088	0.13079	77.27103	0.01329	0	8.66114	0.2957	0.01946	0.70295	0.10055	0.00051	36.38594	0	0.00447	0.00154	0	--	0	9.36784	7.51685	4.67991	0	0.68433	0.97599	0.02386	0	3.14305	0	0.04351	0	0.0117	0.00401	0.64527	0	1.07952	0.17463	0.15966	0.00039	0.00041	0	0.03952	0.45769	1.12697	--	0	0.00031	0	0.95008	0	382.32397
1999	98.50889	0	17.67692	0	9.08974	0	71.74223	24.44689	0	0	3.4068	0	0	0.00523	0.00118	0.18599	5.87356	0	0.2298	3.20322	0.06082	0.11997	0.00033	0.01148	0.89752	0.02383	0	0	0	0.00041	0.08195	0.00006	0.00271	0.02158	0.00217	0	0	0.00007	0.00524	0.03193	0.52607	0.38987	0.00162	0	0	0.00022	0.03648	0.73139	0	0.05568	8.53973	0	0	50.74545	0.06754	0.54664	0.50755	0.15115	0.37247	0.18817	0	0.75994	0.97937	0.00072	0.43714	0	0.49505	0	4.9197	5.31337	0	0	0	0.38653	0.45877	0.07226	0.0599	1.34736	0.00152	0.0792	0	0	2.55533	9.53274	3.50287	0.08777	1.20713	0	0.24541	0.13864	1.25413	1.45808	0.67255	1.05759	11.88887	51.57523	0.03654	0.84005	0.08654	0.08922	--	0.07241	2.62636	0.13319	0.02793	0.11404	0.00092	40.80774	0.15977	1.14739	3.04805	2.38508	53.79734	0.40835	9.99916	5.475	0.00112	0.01061	4.59658	0.00336	2.16611	0	2.37092	20.17832	1.47965	6.25346	0.85469	26.56975	6.01955	1.61454	0.00226	0.02421	0.00126	0.00099	0.25088	0.00008	0.00083	0	0.00002	0.5927	0.1037	0.0996	0	2.59376	0.20419	0.00001	0.01644	0.72348	0	0.06533	0.004	0	0.03051	0.00199	0	3.06773	0.00527	0.01145	0.00235	0.00031	0.00317	0.01795	0.08042	0.01183	0.00448	4.89075	0.0077	0.0013	0	0.00009	0.00127	0	0	0	5.43433	0.14029	0.00976	0.02384	0.00208	0.25329	0.01286	0	0.08272	0.15414	77.1254	0.01351	0	8.84325	0.32458	0.0195	0.7752	0.08939	0.00045	34.99918	0	0.00481	0.00089	0	--	0	9.58471	7.97603	4.4608	0	0.76066	1.10285	0.03018	0	3.15873	0	0.04302	0	0.01474	0.00478	0.67324	0	1.10558	0.21107	0.20447	0.00044	0.00041	0	0.04224	0.46424	1.17855	--	0	0.00026	0	1.03766	0	382.76895
2000	98.8279	0	18.12394	0	9.37198	0	71.33198	25.96676	0	0	3.491	0	0	0.00436	0.00136	0.21615	6.35314	0	0.2822	3.07597	0.06861	0.1298	0.00033	0.00806	0.95361	0.01961	0	0	0	0.00051	0.07835	0	0.00286	0.02283	0.00216	0	0	0.00031	0.00368	0.03475	0.54021	0.38705	0.00155	0	0	0.00026	0.03038	0.81516	0	0.07121	9.37129	0	0	50.50648	0.06085	0.5636	0.50243	0.17616	0.40541	0.18173	0	0.81345	1.14176	0.00077	0.45289	0	0.5067	0	5.02264	5.29978	0	0	0	0.39931	0.45337	0.07701	0.05409	1.32835	0.00202	0.06223	0	0	2.47329	10.27038	3.05622	0.13182	1.19067	0	0.28353	0.13904	1.33279	1.38897	0.64758	1.00375	11.08392	54.12845	0.0343	0.83656	0.08726	0.0979	--	0.06583	3.38294	0.14957	0.02851	0.10159	0.00058	41.69408	0.14321	2.04777	3.04794	2.4104	57.4757	0.41491	10.40032	5.62238	0.00084	0.01124	5.0356	0.00454	2.42716	0	2.81917	21.59311	1.46229	6.76686	0.91729	27.69055	6.19057	1.62241	0.00157	0.02427	0.00099	0.001	0.21945	0.00008	0.00085	0	0.00002	0.61463	0.11894	0.09255	0	2.54658	0.3361	0.00001	0.01668	0.6899	0	0.08196	0.00414	0	0.01968	0.00294	0	3.29768	0.00551	0.01243	0.00238	0.00033	0.00515	0.01211	0.10009	0.01393	0.00405	5.17804	0.00769	0.00112	0	0.0001	0.00161	0	0.00015	0	5.57808	0.35804	0.01034	0.02366	0.00101	0.24551	0.01582	0	0.08304	0.14736	77.79558	0.01376	0	9.65682	0.35052	0.01956	0.81625	0.16654	0.00047	34.19953	0	0.00443	0.00118	0	--	0	9.83181	7.68452	4.50433	0	0.80628	1.15661	0.04105	0	3.31319	0	0.04481	0	0.01691	0.00454	0.69037	0	1.15548	0.15724	0.22129	0.00036	0.00061	0	0.0324	0.46456	1.28356	--	0	0.00026	0	1.15634	0	392.39142
2001	99.33522	0	18.01685	0	9.58378	0	71.73459	25.89595	0	0	3.65922	0	0	0.0038	0.00136	0.27675	6.1421	0	0.31704	3.08288	0.06942	0.13775	0.00028	0.00756	0.98458	0.02147	0	0	0	0.00052	0.07584	0	0.00289	0.01957	0.00144	0	0	0.00031	0.00433	0.02579	0.46358	0.39929	0.00137	0	0	0.0002	0.03056	0.84269	0	0.09407	9.22927	0	0	51.15258	0.05137	0.55164	0.48269	0.17774	0.40553	0.18978	0	0.83864	1.11503	0.00078	0.44192	0	0.50606	0	5.14335	5.28202	0	0	0	0.39408	0.44878	0.08153	0.03936	1.299	0.00206	0.06078	0	0	2.62976	10.27899	3.07343	0.16283	1.25059	0	0.29546	0.14001	1.5103	1.54346	0.70196	0.89649	11.15719	55.77573	0.0332	0.88026	0.08704	0.09883	--	0.06323	3.68688	0.1394	0.02905	0.13895	0.00074	42.62477	0.14832	2.13305	3.05832	2.65369	56.16039	0.42459	10.67235	5.21719	0.00073	0.01128	4.81399	0.00341	2.47904	0	2.71167	20.94557	1.36589	6.59336	0.92129	27.96441	6.17016	1.60922	0.00159	0.02383	0.00055	0.00118	0.20194	0.00006	0.00085	0	0.00002	0.55982	0.11509	0.09202	0	2.69105	0.36298	0.00001	0.02039	0.59221	0	0.08278	0.00564	0	0.03145	0.00294	0	3.20746	0.00546	0.01203	0.00242	0.00035	0.00537	0.01373	0.12405	0.01401	0.00418	5.45362	0.00781	0.00091	0	0.00004	0.00161	0	0.00015	0	5.61807	0.40104	0.01044	0.02862	0.00052	0.24303	0.01597	0	0.08573	0.14202	82.33132	0.00766	0	10.24747	0.37372	0.02126	0.83679	0.27682	0.00031	37.5048	0	0.00499	0.00108	0	--	0	10.29133	7.53231	4.46584	0	0.83046	1.18044	0.04299	0	3.33962	0	0.04453	0	0.01917	0.00382	0.67885	0	1.13404	0.15173	0.22486	0.0005	0.00072	0	0.03194	0.44403	1.3186	--	0	0.00026	0	1.32039	0	398.61559
2002	99.9145	0	18.35294	0	10.84544	0	70.71611	25.22964	0	0	3.57354	0	0	0.00322	0.00131	0.32101	6.69822	0	0.31524	2.89079	0.07353	0.13344	0.00031	0.00924	0.94188	0.02122	0	0	0	0.00061	0.0664	0	0.00261	0.01637	0.00124	0	0	0.00031	0.00596	0.03443	0.48556	0.40303	0.00116	0	0	0.00022	0.03061	0.94349	0	0.09605	8.15865	0	0	50.93231	0.05187	0.55107	0.49067	0.1897	0.42745	0.1652	0	0.86814	1.17503	0.00098	0.42328	0	0.51366	0	5.1278	5.3018	0	0	0	0.40439	0.418	0.08411	0.04359	1.22269	0.00184	0.06131	0	0	2.61565	10.69044	3.07658	0.09976	1.20091	0	0.30536	0.14479	1.33022	1.36931	0.63894	0.94293	10.99484	57.68665	0.0412	0.87882	0.08559	0.10362	--	0.07191	3.98398	0.11938	0.02501	0.16583	0.00122	44.16124	0.15479	2.38175	3.05746	2.45486	54.26208	0.44511	10.44888	4.42167	0.00087	0.01212	4.58056	0.00683	2.48393	0	2.74406	20.26962	1.43127	6.49905	0.91812	28.11389	6.39056	1.94122	0.00181	0.02442	0.00065	0.00128	0.18362	0.00006	0.00083	0	0.00003	0.54721	0.11273	0.0928	0	2.66733	0.47093	0.00001	0.02038	0.55249	0	0.06589	0.00599	0	0.03825	0.00319	0	3.11209	0.00544	0.01263	0.0024	0.00035	0.00524	0.01283	0.13095	0.01471	0.00466	5.15444	0.00782	0.00099	0	0.00006	0.00356	0	0.00016	0	5.52069	0.45603	0.01622	0.02942	0.00087	0.25184	0.01697	0	0.08683	0.14495	87.98084	0.00803	0	10.45531	0.40765	0.02444	0.79287	0.38085	0.0003	42.8456	0	0.00478	0.00133	0	--	0	9.94561	7.79328	4.16385	0	0.80191	1.22651	0.04223	0	3.43189	0	0.04838	0	0.02164	0.00331	0.7068	0	1.15352	0.12631	0.29684	0.00063	0.00092	0	0.02725	0.4671	1.41818	--	0	0.00018	0	1.38336	0	404.11991
2003	98.45374	0	18.32168	0	10.09227	0	70.03979	25.63226	0	0	3.74522	0	0	0.00322	0.00104	0.36306	7.05309	0	0.33953	3.12005	0.07401	0.15069	0.0003	0.01266	0.98126	0.02516	0	0	0	0.00154	0.08381	0	0.00258	0.018	0.00179	0	0	0.00031	0.0068	0.02883	0.52488	0.40176	0.00105	0	0	0.00022	0.03077	1.25258	0	0.0865	7.32154	0	0	50.2626	0.06976	0.48983	0.48865	0.19282	0.39759	0.17121	0	0.91514	1.17978	0.0009	0.41756	0	0.50069	0	5.15017	5.28255	0	0	0	0.41545	0.3913	0.08554	0.0353	1.18347	0.0017	0.06621	0	0	2.52643	10.64489	3.05604	0.18139	1.13888	0	0.2842	0.13949	1.50609	1.24203	0.63994	0.91906	10.54855	61.35536	0.04143	0.90504	0.08427	0.12458	--	0.07305	4.16245	0.14731	0.02368	0.17688	0.00065	47.18125	0.16873	2.60554	3.19919	2.46131	57.59863	0.45209	11.35855	2.84408	0.00124	0.01202	5.14197	0.01382	2.34919	0	2.9468	23.0489	1.40306	7.12961	0.89731	29.95236	6.78907	1.95654	0.00092	0.02109	0.00098	0.00102	0.18123	0.00005	0.00085	0.08215	0.00004	0.53852	0.11229	0.10904	0	2.85181	0.45991	0.00001	0.02311	0.53129	0	0.05455	0.00406	0	0.04383	0.00333	0	3.30084	0.00619	0.01336	0.0024	0.00042	0.0056	0.019	0.11408	0.01533	0.00482	5.70931	0.00791	0.00119	0	0.00007	0.00503	0	0.00016	0.0001	5.91399	0.51233	0.01275	0.02726	0.00126	0.25644	0.01794	0	0.08919	0.1497	95.79226	0.00809	0	10.32408	0.45666	0.02731	0.82807	0.43539	0.00042	49.44335	0	0.00373	0.00158	0	--	0	10.50647	8.16505	3.73941	0	0.83494	1.34126	0.03839	0	3.65955	0	0.04669	0	0.02321	0.00333	0.64534	0	1.26213	0.11845	0.34696	0.00055	0.00082	0	0.03355	0.46129	1.58026	0	0	0.00018	0	1.45572	0	419.04722
2004	98.86741	0	18.67872	0	10.00116	0	70.18753	27.02526	0	0	3.75395	0	0	0.00323	0.00104	0.50472	7.14398	0	0.30387	3.23033	0.07893	0.15763	0.00034	0.01671	1.24176	0.02387	0	0	0	0.0015	0.09096	0	0.00258	0.01442	0.00197	0	0	0.0003	0.00679	0.03772	0.51525	0.39865	0.00141	0	0	0.00027	0.03079	1.354	0	0.04743	8.06083	0	0	50.26264	0.07157	0.51204	0.49325	0.20527	0.38827	0.17928	0	0.90936	1.27973	0.00101	0.47218	0	0.51473	0	5.16642	5.36351	0	0	0	0.41671	0.39654	0.08492	0.0439	1.25802	0.00222	0.06602	0	0	2.93932	10.79357	3.03563	0.12374	1.14453	0	0.27468	0.15133	1.45199	1.42277	0.61721	1.00093	9.48198	64.25051	0.04568	0.88674	0.08512	0.11719	--	0.0652	4.65221	0.15075	0.03168	0.17038	0.00058	49.50683	0.16582	2.61661	3.21006	2.54567	62.16862	0.45737	12.05584	4.37814	0.02806	0.01212	5.70635	0.01111	2.25829	0	3.44967	24.15902	1.38082	7.42447	0.84735	31.80326	6.90113	2.29303	0.00001	0.02339	0.00101	0.0009	0.18255	0.00006	0.00083	0.38959	0.00005	0.51381	0.1183	0.12155	0	2.85753	0.7387	0.00001	0.02501	0.52772	0	0.0676	0.0055	0	0.04137	0.00298	0	3.60892	0.00635	0.01441	0.00249	0.00044	0.00573	0.02068	0.11914	0.01589	0.00512	5.89869	0.00781	0.00083	0	0.00006	0.00452	0	0.00016	0.00011	6.0645	0.64831	0.01353	0.02944	0.00082	0.27032	0.01892	0	0.08686	0.14652	107.9514	0.00727	0	10.51769	0.49109	0.02411	0.85055	0.47114	0.00028	59.38067	0	0.00388	0.00178	0	--	0	11.08431	8.40943	4.14481	0	0.87693	1.34367	0.03998	0	3.77393	0	0.04794	0	0.02406	0.00334	0.64603	0	1.34169	0.10809	0.39193	0.0005	0.0007	0	0.02951	0.46876	1.59704	0.10126	0	0.00018	0	1.76884	0	442.3291
2005	98.34426	0	18.89444	0	10.02253	0	69.42728	27.99721	0.00002	0	3.74528	0	0	0.00322	0.00109	0.5908	7.67112	0	0.38834	3.37883	0.07845	0.14145	0.00027	0.01935	1.24585	0.02717	0	0	0	0.0015	0.08918	0	0.00262	0.01838	0.00231	0.00002	0	0.0003	0.00869	0.03708	0.50649	0.45647	0.00138	0	0	0.00026	0.03128	1.47732	0	0.06617	8.00652	0	0	48.54389	0.07103	0.50308	0.49776	0.20778	0.4061	0.16598	0.00001	0.89745	1.29605	0.00108	0.45556	0	0.46834	0	5.09901	5.24442	0	0	0	0.41648	0.39928	0.08527	0.03843	1.1954	0.0023	0.06351	0	0	2.70132	10.65648	2.96503	0.08325	1.15238	0	0.28213	0.14596	1.27701	1.50247	0.55717	1.06443	8.64193	66.04872	0.04691	1.18042	0.08206	0.12265	--	0.06667	4.85781	0.15162	0.03376	0.11869	0.00062	50.71724	0.1719	2.74176	3.25194	2.50468	65.28441	0.48675	13.11484	4.07072	0.02671	0.01104	6.11957	0.01036	2.40381	0	3.82071	25.50798	1.28566	7.59008	0.83619	34.43192	7.47971	2.72163	0.00001	0.02524	0.00099	0.00099	0.21604	0.00006	0.00099	0.40236	0.00005	0.50231	0.11857	0.14627	0	3.24387	0.79029	0.00001	0.02805	0.58409	0	0.06872	0.00489	0	0.04254	0.00347	0	4.00121	0.00641	0.01431	0.00255	0.00049	0.00543	0.01482	0.13877	0.01641	0.00466	6.54435	0.00784	0.00059	0	0.00004	0.00427	0	0.00018	0.00011	6.05424	0.66196	0.00771	0.0346	0.00075	0.26403	0.01839	0	0.09162	0.15503	115.74884	0.00748	0	11.05604	0.52531	0.02838	0.86999	0.58149	0.00044	64.44807	0	0.00359	0.00177	0	--	0	11.73419	9.03583	4.20052	0	0.95389	1.49623	0.0417	0	3.6043	0	0.10065	0	0.02522	0.00356	0.60917	0	1.51139	0.09795	0.39383	0.0005	0.0013	0	0.03433	0.47547	1.75784	0.1837	0	0.00018	0	1.96452	0	456.39925
2006	100.34735	0	19.25278	0	10.30286	0	70.79172	29.04182	0.00002	0	3.80689	0	0	0.00329	0.00688	0.62028	8.00255	0	0.40578	3.61126	0.07956	0.1401	0.00027	0.01763	1.26146	0.03126	0	0	0	0.00149	0.09237	0	0.00266	0.02166	0.00249	0.00002	0	0.0003	0.00769	0.03534	0.52815	0.48757	0.00141	0	0	0.00023	0.03531	1.71228	0	0.03531	8.09031	0	0	47.27382	0.06866	0.51096	0.49582	0.22252	0.42057	0.15965	0.00001	0.92085	1.21435	0.00114	0.43927	0	0	0	5.13671	5.2468	0	0	0	0.40315	0.39502	0.09643	0.04171	1.16211	0.00268	0.06323	0	0.02864	2.64867	10.12311	2.89683	0.1554	1.17849	0.46917	0.28496	0.14339	1.37789	1.34533	0.59769	1.15424	7.86836	67.83291	0.04633	1.65563	0.08257	0.11868	--	0.05487	5.12755	0.1563	0.02732	0.09977	0.0026	51.68464	0.16792	2.7061	3.31256	2.59007	65.25781	0.51124	13.12068	4.33915	0.03461	0.01246	6.13696	0.00682	2.47023	0	4.05452	24.68056	1.23865	7.86848	0.78345	35.11789	7.41833	3.09084	0.00001	0.02465	0.00079	0.00091	0.22654	0.00007	0.00108	0.35967	0.00005	0.52964	0.11985	0.1964	0	3.46531	0.7615	0.00002	0.032	0.5228	0	0.06818	0.00452	0	0.04475	0.00196	0	4.23549	0.00626	0.01456	0.00261	0.06594	0.00492	0.01483	0.20655	0.01577	0.00469	6.35193	0.00779	0.00041	0	0.00008	0.00393	0	0.00004	0.00012	6.04095	0.71509	0.00949	0.03479	0.00092	0.26643	0.01151	0	0.09824	0.13467	120.95066	0.00749	0	11.09273	0.58094	0.04689	0.97067	0.58064	0.00052	66.78499	0	0.00358	0.00196	0	--	0.00001	12.38495	10.54462	4.30665	0	0.9589	1.51187	0.04262	0	3.58031	0	0.11203	0	0.02736	0.00312	0.61597	0	1.66181	0.10747	0.37742	0.00051	0.00099	0	0.03836	0.46462	1.84019	0.1963	0	0.00018	0	2.10397	0	465.82226
2007	100.72237	0	19.56864	0	9.75253	0	71.40121	28.98207	0.00002	0	3.6507	0	0	0.00345	0.00842	0.65633	8.30036	0	0.33508	3.75525	0.08087	0.14522	0.00021	0.01717	1.22754	0.03115	0	0	0	0.00148	0.07704	0	0.0015	0.02324	0.0024	0.00002	0	0.0003	0.00744	0.03606	0.52571	0.51231	0.00162	0	0	0.00022	0.03975	1.75801	0	0.07895	7.70424	0	0	46.24429	0.04305	0.53553	0.51705	0.21121	0.38776	0.15525	0.00003	1.06785	1.1143	0.00118	0.46254	0	0	0	5.06581	5.16665	0	0	0	0.37875	0.38382	0.11576	0.04243	1.08396	0.00291	0.05599	0	0.02886	2.64316	9.91857	2.72001	0.15896	1.16397	0.45679	0.25172	0.14008	1.36806	1.40257	0.63962	1.17309	7.38702	69.32264	0.04568	2.23136	0.08231	0.13923	--	0.06949	5.27458	0.14522	0.02764	0.11184	0.00033	52.19157	0.17205	2.92212	3.2438	2.66543	64.52663	0.52788	12.99567	4.51219	0.04058	0.01	5.98444	0.00572	2.42073	0	4.47623	23.80695	1.16534	7.91494	0.66597	36.10537	7.32433	3.80312	0.00001	0.02122	0.00109	0.00115	0.21821	0.00007	0.00128	0.32844	0.00002	0.45812	0.12723	0.18502	0	3.52465	0.83106	0.00002	0.03312	0.53566	0	0.04947	0.00527	0	0.04672	0.00196	0	4.3804	0.00704	0.01596	0.00265	0.03257	0.00517	0.01391	0.2687	0.01542	0.00461	6.30563	0.00856	0.00033	0	0.0001	0.0034	0	0.00018	0.00015	6.10015	0.8748	0.00971	0.04685	0.00099	0.26942	0.01382	0	0.09625	0.1314	126.90499	0.00834	0	11.86819	0.61293	0.0667	0.86254	0.61443	0.00055	70.841	0	0.00532	0.00217	0	--	0.00001	13.02183	11.53451	3.798	0	0.85468	1.46222	0.04345	0	3.51803	0	0.1386	0	0.02758	0.00421	0.66307	0	1.65669	0.10335	0.40644	0.00052	0.00069	0	0.03881	0.47797	1.95844	0.15269	0	0.00018	0	2.16092	0	472.80837
2008	101.29933	0	19.02011	0	9.16497	0	73.11426	29.54661	0.00002	0	3.58511	0	0	0.00344	0.00977	0.65734	8.54621	0	0.36614	4.04421	0.08527	0.17192	0.0002	0.01391	1.23426	0.03545	0.00002	0.0001	0	0.00148	0.08178	0	0.00176	0.02419	0.00226	0.00002	0	0.0003	0.01005	0.03893	0.54107	0.55202	0.00154	0	0	0.00023	0.04527	1.76303	0	0.04398	7.68533	0	0	46.3899	0.05283	0.53555	0.49971	0.23376	0.39817	0.16185	0.00013	1.0504	1.09557	0.00106	0.49139	0	0	0	5.12885	4.99414	0	0	0	0.38588	0.38737	0.15904	0.04913	1.14696	0.00307	0.06224	0	0.02817	2.881	10.12534	2.65569	0.14242	1.19273	0.46574	0.26613	0.15434	1.37145	1.40977	0.64506	1.19285	7.02211	70.02629	0.04497	2.51195	0.08203	0.13616	--	0.07251	5.54169	0.11543	0.03127	0.11247	0.0008	52.17849	0.16929	3.00096	3.23735	2.79091	68.23172	0.55143	13.35728	5.15593	0.05126	0.00852	6.29216	0.00364	2.52532	0	5.15456	25.24488	1.13358	8.12802	0.62513	37.01497	7.37697	4.33248	0.00001	0.02332	0.00133	0.00108	0.21907	0.00006	0.00129	0.29002	0.00002	0.52196	0.11914	0.20542	0	3.8505	0.92684	0.00002	0.03229	0.54642	0	0.07347	0.00515	0	0.04184	0.00197	0	4.47974	0.00682	0.01558	0.00274	0.02809	0.00559	0.01509	0.27041	0.01454	0.00461	5.92992	0.00959	0.00069	0	0.00012	0.00384	0	0.0002	0.00015	6.15659	0.90333	0.00978	0.04893	0.00091	0.30342	0.01607	0	0.09432	0.12323	136.04458	0.00874	0	11.92578	0.68096	0.07042	0.82158	0.57822	0.0005	78.34819	0	0.00527	0.00217	0	--	0.00001	13.59734	11.93455	3.75747	0	0.90694	1.53511	0.04636	0	3.79777	0	0.16307	0	0.02772	0.00478	0.68593	0	1.65698	0.09524	0.42885	0.00052	0.00089	0	0.04048	0.47967	2.09947	0.19509	0	0.00018	0	2.14834	0	488.55339
2009	99.50368	0	18.24569	0	8.61011	0	72.64788	29.46767	0.00004	0	3.51691	0.00029	0	0.00272	0.01067	0.57168	8.9132	0	0.36039	4.19533	0.0848	0.16189	0.0002	0.01456	1.16919	0.02996	0.00002	0.0001	0	0.00146	0.06406	0	0.002	0.02858	0.00191	0.00002	0	0.00059	0.00853	0.03783	0.53103	0.63002	0.0017	0	0	0.00022	0.0457	1.80612	0	0.05111	7.22482	0	0	44.65156	0.06413	0.56684	0.52724	0.24696	0.38613	0.17786	0.00014	1.00481	0.97036	0.00104	0.43629	0	0	0	4.78466	4.7052	0	0	0	0.40442	0.40603	0.16086	0.05185	1.16129	0.0029	0.06487	0.00001	0.03302	2.71954	9.88566	2.50869	0.17559	1.13916	0.46822	0.24039	0.15403	1.3984	1.27238	0.63851	1.2305	6.66358	66.07113	0.04732	2.78701	0.07803	0.12956	--	0.07806	5.56239	0.10751	0.03435	0.12074	0.00053	49.51408	0.1582	1.82028	3.08681	2.54626	66.22732	0.55378	14.25971	5.14615	0.04338	0.00884	5.7276	0.00601	2.665	0	5.61894	22.91178	1.14139	7.5188	0.62592	36.1272	7.06014	4.17559	0.00001	0.01891	0.00128	0.00122	0.20651	0.00007	0.00127	0.26192	0.00002	0.59901	0.12586	0.20151	0	3.87944	0.90958	0.00002	0.03476	0.53189	0	0.07945	0.00493	0	0.03637	0.00195	0	4.28821	0.00683	0.01559	0.00293	0.02511	0.00568	0.03196	0.26382	0.01362	0.00461	5.7383	0.00942	0.00127	0	0.00012	0.00393	0	0.00078	0.00015	6.08747	0.92832	0.0101	0.05366	0.00092	0.26528	0.017	0	0.09931	0.12112	142.09836	0.00817	0	12.26404	0.75024	0.06913	0.73647	0.54082	0.00052	81.88698	0	0.00488	0.0022	0	--	0.00001	14.58454	12.70666	3.95262	0	0.8725	1.51557	0.04314	0	3.70731	0	0.25427	0	0.03041	0.00468	0.69782	0	1.6728	0.08713	0.45146	0.00049	0.00078	0	0.03792	0.48254	2.21432	0.18728	0	0.00018	0	2.33048	0	484.14691
